caracteristica,promedioSimilitud,medianaSimilitud
strings,0.18241477694274044,0.05307262569832402
funciones,0.38039071182065554,0.25
